{"cameraMode":{"drawMode":0,"name":"Shaded","section":"Shading Mode"},"sceneLighting":false,"audioPlay":false,"sceneViewState":{"m_AlwaysRefresh":false,"showFog":true,"showSkybox":false,"showFlares":true,"showImageEffects":true,"showParticleSystems":true,"showVisualEffectGraphs":true,"m_FxEnabled":true},"in2DMode":false,"pivot":{"x":5.900024890899658,"y":1.0871925354003907,"z":-0.012178182601928711},"rotation":{"x":-0.06775427609682083,"y":0.009575369767844677,"z":-0.000650051049888134,"w":-0.9976577758789063},"size":1.552432894706726,"orthographic":true}