{"cameraMode":{"drawMode":0,"name":"Shaded","section":"Shading Mode"},"sceneLighting":false,"audioPlay":false,"sceneViewState":{"m_AlwaysRefresh":false,"showFog":true,"showSkybox":false,"showFlares":true,"showImageEffects":true,"showParticleSystems":true,"showVisualEffectGraphs":true,"m_FxEnabled":true},"in2DMode":false,"pivot":{"x":-5.7581658363342289,"y":1.1529736518859864,"z":0.1119111180305481},"rotation":{"x":-0.06775427609682083,"y":0.009575369767844677,"z":-0.000650051049888134,"w":-0.9976577758789063},"size":1.6704761981964112,"orthographic":true}