{"cameraMode":{"drawMode":0,"name":"Shaded","section":"Shading Mode"},"sceneLighting":true,"audioPlay":false,"sceneViewState":{"m_AlwaysRefresh":false,"showFog":true,"showSkybox":true,"showFlares":true,"showImageEffects":true,"showParticleSystems":true,"showVisualEffectGraphs":true,"m_FxEnabled":true},"in2DMode":false,"pivot":{"x":-6.100082874298096,"y":3.6239750385284426,"z":-1.9594054222106934},"rotation":{"x":0.008265295997262001,"y":0.984898567199707,"z":-0.16583116352558137,"w":0.04908979684114456},"size":5.174776554107666,"orthographic":true}